City_ID,City,Lat,Lng,Max Temp,Humidity,Cloudiness,Wind Speed,Country,Date
0,i-n-salah,27.1935,2.4607,83.19,28,0,25.03,DZ,1696035890
1,albany,42.6001,-73.9662,57.81,93,100,1.16,US,1696035848
2,invercargill,-46.4,168.35,47.01,79,100,21.0,NZ,1696035890
3,dudinka,69.4058,86.1778,25.63,89,100,19.75,RU,1696035890
4,remire-montjoly,4.9167,-52.2667,80.64,89,0,3.44,GF,1696035890
5,adamstown,-25.066,-130.1015,69.17,84,8,23.22,PN,1696035890
6,ilulissat,69.2167,-51.1,33.82,80,100,0.0,GL,1696035890
7,rio grande,-32.035,-52.0986,60.94,93,100,7.58,BR,1696035727
8,port mathurin,-19.6833,63.4167,73.74,63,100,17.58,MU,1696035890
9,laascaanood,8.4774,47.3597,75.45,75,86,20.69,SO,1696035890
10,corbelia,-24.7989,-53.3067,66.85,78,84,4.56,BR,1696035697
11,badger,64.8,-147.5333,46.13,55,75,0.0,US,1696035604
12,as sulayyil,20.4607,45.5779,77.25,17,0,2.15,SA,1696035891
13,mar del plata,-38.0023,-57.5575,48.09,94,100,6.91,AR,1696035659
14,al majaridah,19.1236,41.9111,87.93,26,9,4.32,SA,1696035891
15,margaret river,-33.95,115.0667,58.33,61,100,13.94,AU,1696035891
16,arteche,12.2645,125.4048,83.3,81,100,8.23,PH,1696035891
17,martapura,-3.4167,114.85,78.89,78,100,3.44,ID,1696035891
18,thompson,55.7435,-97.8558,50.16,93,75,0.0,CA,1696035702
19,ushuaia,-54.8,-68.3,49.66,43,0,11.5,AR,1696035891
20,port-aux-francais,-49.35,70.2167,33.64,69,48,40.18,TF,1696035891
21,okhotsk,59.3833,143.3,49.14,72,100,4.41,RU,1696035892
22,grytviken,-54.2811,-36.5092,31.03,90,43,8.75,GS,1696035892
23,anadyr,64.75,177.4833,43.3,86,100,8.95,RU,1696035892
24,georgetown,5.4112,100.3354,86.02,92,20,2.3,MY,1696035686
25,sao tome,0.3365,6.7273,78.03,85,94,7.94,ST,1696035892
26,puerto ayora,-0.7393,-90.3518,74.55,89,89,4.0,EC,1696035892
27,castillos,-34.1667,-53.8333,54.55,96,41,6.38,UY,1696035892
28,bredasdorp,-34.5322,20.0403,62.4,57,100,19.3,ZA,1696035892
29,greymouth,-42.4667,171.2,53.06,56,4,7.96,NZ,1696035892
30,sinabang,2.4803,96.3801,80.47,82,94,7.65,ID,1696035892
31,codrington,-38.2667,141.9667,73.47,43,75,17.13,AU,1696035892
32,sao gabriel da cachoeira,-0.1303,-67.0892,84.94,62,98,2.37,BR,1696035643
33,tazovsky,67.4667,78.7,26.56,79,14,15.97,RU,1696035894
34,hermanus,-34.4187,19.2345,58.82,85,100,16.82,ZA,1696035894
35,pingliang,35.5392,106.6861,56.37,86,100,1.79,CN,1696035894
36,longyearbyen,78.2186,15.6401,31.84,74,75,8.05,SJ,1696035800
37,yebaishou,41.3975,119.6408,61.88,34,0,16.55,CN,1696035894
38,gereida,11.2811,25.1414,81.18,62,26,9.28,SD,1696035894
39,yanjiang,30.1211,104.6481,68.27,89,100,4.05,CN,1696035807
40,orsa,54.5153,30.4053,54.01,68,23,8.32,BY,1696035894
41,waitangi,-43.9535,-176.5597,52.83,75,100,11.01,NZ,1696035894
42,huarmey,-10.0681,-78.1522,67.06,87,100,8.23,PE,1696035894
43,vikulovo,56.8167,70.6107,49.82,95,100,6.8,RU,1696035895
44,mohr,54.3528,9.7167,52.86,92,0,5.75,DE,1696035895
45,luwuk,-0.9516,122.7875,84.36,63,50,8.75,ID,1696035895
46,pontes e lacerda,-15.2261,-59.3353,76.6,83,99,1.3,BR,1696035761
47,kodiak,57.79,-152.4072,48.6,77,100,8.59,US,1696035650
48,puerto natales,-51.7236,-72.4875,39.74,87,100,3.6,CL,1696035895
49,nova sintra,14.8667,-24.7167,76.59,80,59,7.56,CV,1696035895
50,haiku-pauwela,20.9219,-156.3051,86.02,66,40,23.02,US,1696035895
51,oranjemund,-28.55,16.4333,56.07,91,8,0.51,NA,1696035895
52,bethel,41.3712,-73.414,57.94,89,100,6.91,US,1696035895
53,laojunmiao,39.8333,97.7333,50.5,30,0,12.24,CN,1696035886
54,chust,41.0094,71.2287,58.39,43,99,5.84,UZ,1696035895
55,minot,48.2325,-101.2963,64.02,48,0,5.75,US,1696035895
56,talcahuano,-36.7167,-73.1167,58.68,72,0,6.91,CL,1696035896
57,lagoa,39.05,-27.9833,66.96,86,100,6.89,PT,1696035896
58,akureyri,65.6835,-18.0878,39.13,93,40,5.75,IS,1696035896
59,vorgashor,67.5833,63.95,30.92,79,100,6.08,RU,1696035896
60,bilibino,68.0546,166.4372,24.39,93,99,5.93,RU,1696035896
61,rongelap,11.1635,166.8941,82.62,80,100,11.68,MH,1696035896
62,kirensk,57.7853,108.1119,49.21,70,100,5.61,RU,1696035896
63,vilyuchinsk,52.9306,158.4028,50.27,55,100,2.68,RU,1696035896
64,kingsford,-33.924,151.2275,81.75,64,20,10.36,AU,1696035896
65,whitehorse,60.7161,-135.0538,43.02,89,75,9.22,CA,1696035896
66,praia da vitoria,38.7333,-27.0667,70.05,94,40,6.91,PT,1696035896
67,choibalsan,48.0667,114.5,50.18,49,15,12.71,MN,1696035897
68,cinisi,38.1562,13.1073,70.86,83,0,4.0,IT,1696035897
69,kerman,30.2832,57.0788,51.66,35,0,0.0,IR,1696035897
70,utrik,11.2278,169.8474,83.61,77,90,13.15,MH,1696035897
71,dapa,9.7594,126.0531,84.25,73,87,9.08,PH,1696035897
72,yellowknife,62.456,-114.3525,43.41,75,75,4.61,CA,1696035687
73,northam,51.0333,-4.2167,56.66,94,100,6.08,GB,1696035897
74,portland,45.5234,-122.6762,61.54,79,100,4.61,US,1696035622
75,kapoeta,4.7717,33.5903,78.67,47,10,0.78,SS,1696035897
76,olonkinbyen,70.9221,-8.7187,36.43,81,97,15.68,SJ,1696035897
77,enewetak,11.3474,162.3373,84.0,76,57,12.37,MH,1696035897
78,newman,37.3138,-121.0208,75.54,58,100,4.0,US,1696035897
79,lhasa,29.65,91.1,51.94,65,98,3.36,CN,1696035864
80,funafuti,-8.5243,179.1942,87.8,89,75,4.61,TV,1696035898
81,ola,59.5833,151.2833,44.44,84,100,4.0,RU,1696035898
82,tsiombe,-25.3,45.4833,68.18,76,0,6.02,MG,1696035898
83,san patricio,28.017,-97.5169,85.17,68,0,14.16,US,1696035898
84,chui,-33.6971,-53.4616,56.73,95,56,1.9,UY,1696035898
85,margate,51.3813,1.3862,56.3,80,100,1.01,GB,1696035604
86,isafjordur,66.0755,-23.124,38.44,90,97,4.94,IS,1696035898
87,porto novo,6.4965,2.6036,76.82,90,81,6.13,BJ,1696035642
88,tiksi,71.6872,128.8694,29.25,85,100,13.51,RU,1696035898
89,lebu,-37.6167,-73.65,51.08,90,3,11.56,CL,1696035898
90,udachny,66.4167,112.4,35.46,100,100,5.3,RU,1696035898
91,tosontsengel,48.7567,98.2839,31.87,73,26,0.43,MN,1696035898
92,kenai,60.5544,-151.2583,51.89,59,0,6.91,US,1696035898
93,edinburgh of the seven seas,-37.0676,-12.3116,51.76,90,100,33.51,SH,1696035899
94,kavaratti,10.5669,72.642,81.86,81,100,18.66,IN,1696035899
95,west island,-12.1568,96.8225,78.78,73,100,12.66,CC,1696035811
96,ribeira grande,38.5167,-28.7,67.77,92,100,8.99,PT,1696035899
97,kronstadt,45.6486,25.6061,59.04,78,10,5.01,RO,1696035899
98,kingston,17.997,-76.7936,85.15,97,20,6.91,JM,1696035774
99,freetown,8.484,-13.2299,80.31,83,75,4.61,SL,1696035899
100,linfen,36.0889,111.5189,67.59,18,5,5.19,CN,1696035899
101,sheregesh,52.9209,87.9869,43.61,99,100,2.75,RU,1696035899
102,burang,30.25,81.1667,39.11,70,4,3.91,CN,1696035899
103,iqaluit,63.7506,-68.5145,35.33,87,100,17.27,CA,1696035683
104,antigonish,45.6169,-61.9986,55.81,96,98,4.12,CA,1696035765
105,mount isa,-20.7333,139.5,85.77,26,0,14.97,AU,1696035900
106,mersa matruh,31.3525,27.2453,77.2,78,0,4.61,EG,1696035900
107,punta arenas,-53.15,-70.9167,44.71,61,0,5.75,CL,1696035614
108,aswan,24.0934,32.907,94.3,16,0,5.75,EG,1696035677
109,stanley,54.868,-1.6985,50.79,93,0,10.36,GB,1696035835
110,blackmans bay,-43.0167,147.3167,69.53,54,97,3.18,AU,1696035900
111,sao vicente,-23.9631,-46.3919,71.78,84,76,4.61,BR,1696035685
112,wailua homesteads,22.0669,-159.378,84.63,76,40,13.8,US,1696035900
113,port blair,11.6667,92.75,78.84,89,75,5.75,IN,1696035900
114,singa,13.15,33.9333,79.99,72,86,7.54,SD,1696035900
115,pachino,36.7186,15.0907,71.47,78,0,7.52,IT,1696035900
116,port elizabeth,-33.918,25.5701,59.09,82,0,4.61,ZA,1696035619
117,christchurch,-43.5333,172.6333,53.33,49,20,27.63,NZ,1696035856
118,glasgow,55.8652,-4.2576,52.99,85,40,3.44,GB,1696035643
119,richards bay,-28.783,32.0377,69.3,87,4,6.24,ZA,1696035901
120,vernon,50.2581,-119.2691,57.81,64,100,4.61,CA,1696035666
121,argo,37.6333,22.7333,67.78,58,11,3.62,GR,1696035901
122,talnakh,69.4865,88.3972,25.21,87,82,12.24,RU,1696035901
123,ripky,51.801,31.0838,52.11,58,7,4.7,UA,1696035901
124,katsuren-haebaru,26.3369,127.8719,84.58,89,75,6.91,JP,1696035901
125,kasempa,-13.4584,25.8338,72.01,48,77,1.83,ZM,1696035901
126,conceicao da barra,-18.5933,-39.7322,73.24,76,100,9.51,BR,1696035817
127,college,64.8569,-147.8028,46.2,56,75,3.44,US,1696035902
128,minas de marcona,-15.2119,-75.1103,57.52,84,61,10.83,PE,1696035902
129,crane,31.3974,-102.3501,81.48,43,45,16.13,US,1696035902
130,vila franca do campo,37.7167,-25.4333,73.81,99,100,10.27,PT,1696035902
131,tamanrasset,22.785,5.5228,78.71,22,40,10.36,DZ,1696035661
132,tura,25.5198,90.2201,74.79,97,100,3.22,IN,1696035902
133,sitka,57.0531,-135.33,51.69,71,100,3.44,US,1696035902
134,tidjikja,18.5564,-11.4271,90.41,21,14,6.67,MR,1696035903
135,prince rupert,54.3161,-130.3201,53.29,80,0,14.97,CA,1696035707
136,tibro,58.4245,14.1616,53.76,92,40,5.01,SE,1696035903
137,stayton,44.8007,-122.7945,59.92,91,100,3.56,US,1696035832
138,bataipora,-22.2953,-53.2711,79.99,48,39,4.12,BR,1696035698
139,brady,31.1352,-99.3351,85.53,34,0,4.61,US,1696035750
140,saint-joseph,-21.3667,55.6167,68.47,72,0,8.32,RE,1696035903
141,churapcha,62.0025,132.4325,36.73,45,98,3.78,RU,1696035903
142,brookings,44.3114,-96.7984,68.34,93,100,10.36,US,1696035882
143,byron bay,-28.65,153.6167,80.71,59,0,11.83,AU,1696035904
144,namibe,-15.1961,12.1522,63.86,88,10,8.16,AO,1696035904
145,hawaiian paradise park,19.5933,-154.9731,83.71,74,40,9.22,US,1696035904
146,izluchinsk,60.9794,76.9242,30.99,82,7,10.0,RU,1696035904
147,fort bragg,35.139,-79.006,69.35,85,75,0.0,US,1696035905
148,hithadhoo,-0.6,73.0833,81.99,78,50,14.38,MV,1696035905
149,qaqortoq,60.7167,-46.0333,36.9,72,5,5.39,GL,1696035905
150,antsiranana,-12.2787,49.2917,72.34,81,26,14.41,MG,1696035905
151,santa helena de goias,-17.8136,-50.5969,82.38,55,41,2.48,BR,1696035651
152,suva,-18.1416,178.4415,76.48,61,75,10.36,FJ,1696035823
153,ust-nera,64.5667,143.2,29.62,71,23,4.83,RU,1696035905
154,karratha,-20.7377,116.8463,90.66,19,88,16.91,AU,1696035905
155,puerto baquerizo moreno,-0.9,-89.6,73.26,80,96,10.63,EC,1696035780
156,beboto,8.2668,16.939,71.91,96,76,2.8,TD,1696035906
157,leava,-14.3,-178.1667,80.51,76,45,16.75,WF,1696035906
158,mo i rana,66.3128,14.1428,52.32,92,75,0.0,NO,1696035906
159,carnarvon,-24.8667,113.6333,68.67,62,0,23.67,AU,1696035906
160,nizhniy kuranakh,58.8353,125.4869,42.26,83,100,1.9,RU,1696035907
161,boa vista,2.8197,-60.6733,87.78,58,40,3.44,BR,1696035907
162,kailua-kona,19.6406,-155.9956,86.5,75,40,13.8,US,1696035907
163,hamilton,39.1834,-84.5333,68.04,88,0,3.0,US,1696035629
164,papatowai,-46.5619,169.4708,46.94,73,94,19.53,NZ,1696035907
165,aasiaat,68.7098,-52.8699,26.44,90,87,4.74,GL,1696035802
166,st. john's,47.5649,-52.7093,49.28,88,100,5.01,CA,1696035723
167,swakopmund,-22.6833,14.5333,53.98,88,1,6.6,NA,1696035908
168,tottori,35.5,134.2333,78.87,65,75,3.44,JP,1696035731
169,kendari,-3.945,122.4989,85.33,56,35,1.36,ID,1696035908
170,port lincoln,-34.7333,135.8667,79.99,24,6,19.98,AU,1696035908
171,mount pearl,47.5166,-52.7813,48.45,89,100,2.13,CA,1696035908
172,papao,-17.75,-149.55,82.08,83,22,19.37,PF,1696035909
173,kulhudhuffushi,6.6221,73.07,81.54,77,100,13.33,MV,1696035909
174,marsh harbour,26.5412,-77.0636,83.82,76,41,9.22,BS,1696035909
175,iskateley,67.6803,53.1512,37.54,79,100,16.8,RU,1696035909
176,inarajan village,13.2736,144.7484,88.77,82,100,6.55,GU,1696035909
177,saipan,15.1355,145.701,86.7,70,75,6.91,MP,1696035909
178,callao,-12.0667,-77.15,68.72,82,40,6.91,PE,1696035909
179,puerto carreno,6.189,-67.4859,84.85,71,91,6.24,CO,1696035909
180,mont-laurier,46.5501,-75.4993,53.22,90,17,2.04,CA,1696035845
181,nizhnevartovsk,60.9344,76.5531,28.42,100,0,4.47,RU,1696035910
182,la passe,45.5549,-0.8967,66.43,90,39,4.88,FR,1696035910
183,taro,-8.3862,115.28,73.4,50,75,4.21,ID,1696035910
184,cannonvale,-20.2833,148.7,76.39,64,48,13.67,AU,1696035910
185,gypsum,39.6469,-106.9517,73.96,15,0,5.75,US,1696035860
186,hell-ville,-13.4,48.2667,77.67,72,24,4.12,MG,1696035911
187,kyshtovka,56.555,76.6271,46.17,86,100,4.79,RU,1696035911
188,katabu,-4.9333,122.5167,86.18,49,7,6.82,ID,1696035911
189,kourou,5.1552,-52.6478,80.65,80,5,11.48,GF,1696035911
190,kapuskasing,49.4169,-82.4331,62.69,63,75,8.05,CA,1696035911
191,reggane,26.7158,0.1714,85.17,27,0,22.59,DZ,1696035911
192,aykhal,66.0,111.5,36.27,98,100,7.34,RU,1696035911
193,coaldale,49.7167,-112.6185,60.31,25,75,6.91,CA,1696035911
194,singkil,-7.9855,111.4161,84.11,44,100,8.63,ID,1696035912
195,bonny,4.4522,7.1681,76.08,87,100,4.14,NG,1696035912
196,turpan,42.9333,89.1667,72.36,22,100,3.36,CN,1696035912
197,midvagur,62.0511,-7.1939,47.23,87,100,16.11,FO,1696035912
198,alice springs,-23.7,133.8833,85.55,11,0,8.05,AU,1696035753
199,humberto de campos,-2.5983,-43.4611,75.76,88,27,4.32,BR,1696035912
200,quellon,-43.1167,-73.6167,42.71,83,27,6.91,CL,1696035912
201,ta`u,-14.2336,-169.5144,80.53,79,51,10.78,AS,1696035912
202,vallenar,-28.5708,-70.7581,63.37,55,28,3.33,CL,1696035797
203,saguenay,48.4168,-71.0657,55.51,92,20,4.61,CA,1696035913
204,klyuchi,52.2667,79.1667,51.22,71,100,4.29,RU,1696035913
205,queenstown,-31.8976,26.8753,61.99,26,100,8.5,ZA,1696035913
206,fada,9.5667,8.3,65.71,92,20,1.54,NG,1696035913
207,fale old settlement,-9.3852,-171.2468,83.79,70,6,10.51,TK,1696035913
208,antonio enes,-16.2325,39.9086,72.61,86,4,6.89,MZ,1696035913
209,jiagedaqi,50.4167,124.1167,52.02,52,82,8.34,CN,1696035913
210,avarua,-21.2078,-159.775,80.65,78,75,9.22,CK,1696035840
211,lompoc,34.6391,-120.4579,69.01,88,100,11.99,US,1696035914
212,kapa'a,22.0752,-159.319,85.98,76,40,13.8,US,1696035914
213,igarka,67.4667,86.5833,24.28,94,100,18.72,RU,1696035914
214,mitu,1.1983,-70.1733,75.49,87,45,1.05,CO,1696035914
215,san clemente,33.427,-117.612,69.64,80,35,3.0,US,1696035619
216,nouadhibou,20.931,-17.0347,75.18,69,100,12.66,MR,1696035914
217,sao jose da coroa grande,-8.8978,-35.1478,78.24,73,100,10.56,BR,1696035914
218,nagqu,31.5,92.0,37.94,78,13,4.45,CN,1696035914
219,inhambane,-23.865,35.3833,71.74,93,4,8.61,MZ,1696035915
220,taulaga,-11.0553,-171.0883,82.51,76,7,11.65,AS,1696035915
221,villarrica,-25.75,-56.4333,69.08,58,100,4.7,PY,1696035915
222,saint-philippe,-21.3585,55.7679,69.39,76,3,8.25,RE,1696035915
223,hakha,22.65,93.6167,61.39,99,100,2.73,MM,1696035915
224,beidaihehaibin,39.8222,119.5181,65.48,40,0,8.57,CN,1696035915
225,san antonio de pale,-1.4014,5.6325,76.26,84,59,8.81,GQ,1696035915
226,bardai,11.65,7.2333,70.7,85,58,6.58,NG,1696035915
227,east ballina,-28.8667,153.5833,80.8,62,0,12.5,AU,1696035916
228,troitsko-pechorsk,62.7084,56.1964,34.27,95,27,3.24,RU,1696035916
229,saldanha,-33.0117,17.9442,59.05,92,100,9.71,ZA,1696035916
230,kismayo,-0.3582,42.5454,78.03,83,9,14.09,SO,1696035916
231,porto-vecchio,41.591,9.2795,67.53,87,0,1.14,FR,1696035916
232,nelson bay,-32.7167,152.15,77.09,68,0,8.59,AU,1696035916
233,uturoa,-16.7333,-151.4333,78.53,78,12,17.05,PF,1696035916
234,sodra sandby,56.5667,16.6167,59.9,83,69,16.64,SE,1696035917
235,el copey,10.1503,-73.9614,82.06,73,100,3.31,CO,1696035656
236,aginskoye,51.1,114.53,50.0,64,20,5.39,RU,1696035917
237,yuzhno-kurilsk,44.0306,145.8556,62.8,71,100,7.58,RU,1696035917
238,sikonge,-5.6333,32.7667,71.47,59,96,9.46,TZ,1696035917
239,benevento,41.2179,14.7464,63.37,71,0,3.91,IT,1696035918
240,cabedelo,-6.9811,-34.8339,77.67,73,99,16.26,BR,1696035764
241,dawei,14.0833,98.2,76.87,92,100,3.27,MM,1696035918
242,goias,-15.5807,-49.6362,76.51,78,99,0.29,BR,1696035918
243,awjilah,29.1081,21.2869,71.65,71,4,7.7,LY,1696035918
244,afaahiti,-17.75,-149.2833,80.47,85,52,18.03,PF,1696035918
245,sao mateus,-18.7161,-39.8589,72.39,74,100,8.19,BR,1696035918
246,alofi,-19.0595,-169.9187,76.89,83,74,11.5,NU,1696035919
247,antofagasta,-23.65,-70.4,60.08,86,63,7.81,CL,1696035644
248,talakan,50.3167,130.3667,48.83,93,100,1.1,RU,1696035919
249,luderitz,-26.6481,15.1594,57.88,70,1,8.61,NA,1696035920
250,dalby,-27.1833,151.2667,79.88,37,0,3.2,AU,1696035920
251,andergrove,-21.0833,149.1833,82.65,65,21,11.12,AU,1696035920
252,chernyshevskiy,63.0128,112.4714,43.74,79,100,6.85,RU,1696035920
253,bubaque,11.2833,-15.8333,82.65,80,98,8.7,GW,1696035920
254,chimoio,-19.1164,33.4833,68.95,94,75,0.83,MZ,1696035920
255,tolanaro,-25.0319,46.9987,71.67,83,20,11.5,MG,1696035921
256,jamestown,42.097,-79.2353,60.44,93,0,6.91,US,1696035921
257,thoothukudi,8.8054,78.1453,79.09,83,75,5.75,IN,1696035921
258,palmer,42.1584,-72.3287,53.85,86,100,9.22,US,1696035921
259,zhangjiakou,40.81,114.8794,54.59,49,5,7.81,CN,1696035921
260,keflavik,64.0049,-22.5624,41.43,87,20,6.91,IS,1696035921
261,ambikapur,23.1167,83.2,74.46,89,99,1.23,IN,1696035921
262,waingapu,-9.6567,120.2641,84.13,55,94,12.28,ID,1696035921
263,gadzhiyevo,69.2551,33.3362,50.02,94,100,7.74,RU,1696035921
264,egilsstadir,65.2653,-14.3948,39.11,93,100,2.3,IS,1696035922
265,wad medani,14.4012,33.5199,85.39,43,4,8.14,SD,1696035922
266,nuuk,64.1835,-51.7216,34.41,100,100,11.01,GL,1696035922
267,hilo,19.7297,-155.09,83.93,71,40,9.22,US,1696035922
268,leninskoye,41.7589,69.3864,56.61,47,8,5.44,KZ,1696035922
269,piraju,-23.1936,-49.3839,63.99,83,5,9.69,BR,1696035902
270,lamia,38.9,22.4333,70.88,68,17,3.0,GR,1696035922
271,cova figueira,14.8905,-24.2934,77.22,78,90,9.4,CV,1696035922
272,susuman,62.7833,148.1667,28.49,68,71,3.96,RU,1696035922
273,polyarnyy,69.1989,33.4478,50.34,95,100,7.05,RU,1696035922
274,harstad,68.799,16.5293,51.8,97,100,8.01,NO,1696035923
275,pisco,-13.7,-76.2167,64.45,88,0,17.27,PE,1696035923
276,orange cove,36.6244,-119.3137,83.5,37,0,3.44,US,1696035923
277,fuglafjordur,62.244,-6.814,46.87,89,100,25.14,FO,1696035923
278,east london,-33.0153,27.9116,68.45,56,100,4.25,ZA,1696035687
279,labrador city,52.9463,-66.9114,40.91,87,0,4.61,CA,1696035923
280,pathein,16.7833,94.7333,75.67,98,100,7.61,MM,1696035923
281,olyokminsk,60.3736,120.4264,48.2,60,79,4.59,RU,1696035923
282,narasapur,16.45,81.6667,78.76,91,100,6.15,IN,1696035924
283,qamdo,31.1667,97.2333,44.04,62,2,5.06,CN,1696035924
284,caldwell,43.6629,-116.6874,73.54,35,0,10.36,US,1696035734
285,holualoa,19.6228,-155.9522,82.78,75,40,13.8,US,1696035924
286,takoradi,4.8845,-1.7554,76.71,91,100,5.21,GH,1696035924
287,kloulklubed,7.0419,134.2556,86.5,82,71,17.52,PW,1696035924
288,novodvinsk,64.4165,40.8122,51.64,97,100,7.9,RU,1696035924
289,houthulst,50.9637,2.8986,55.94,98,98,1.99,BE,1696035924
290,sinop,41.7711,34.8709,58.41,89,73,0.98,TR,1696035924
291,nizhnesortymskiy,62.4397,71.7603,29.8,82,9,8.79,RU,1696035924
292,durazno,-33.4131,-56.5006,52.07,91,36,13.73,UY,1696035924
293,yasothon,15.75,104.1333,75.67,93,100,2.75,TH,1696035924
294,beloyarskiy,63.7119,66.6722,34.0,75,38,4.0,RU,1696035925
295,novaya igirma,57.1334,103.9112,46.0,91,100,5.21,RU,1696035925
296,geraldton,-28.7667,114.6,64.81,68,40,4.61,AU,1696035717
297,magole,-6.3667,37.3667,69.8,88,43,3.13,TZ,1696035925
298,viedma,-40.8135,-62.9967,40.1,78,0,5.39,AR,1696035925
299,serchhip,23.3,92.8333,68.56,97,100,0.98,IN,1696035925
300,muisne,0.6,-80.0333,76.78,81,100,6.93,EC,1696035925
301,yaren,-0.5472,166.916,83.73,75,54,10.94,NR,1696035925
302,north bend,43.4065,-124.2243,59.25,97,100,16.11,US,1696035925
303,makueni boma,-1.8041,37.6203,63.66,91,78,3.76,KE,1696035925
304,auki,-8.7676,160.7034,84.63,73,100,5.59,SB,1696035927
305,vila velha,-20.3297,-40.2925,71.55,91,100,10.36,BR,1696035649
306,sohagpur,22.7,78.2,75.04,86,99,2.66,IN,1696035927
307,heroica caborca,30.7167,-112.15,90.19,11,0,15.21,MX,1696035658
308,touros,-5.1989,-35.4608,77.27,73,33,16.84,BR,1696035927
309,surab,28.4914,66.2585,52.03,22,0,8.19,PK,1696035927
310,donaghadee,54.6333,-5.5333,51.58,92,100,1.01,GB,1696035927
311,lae,-6.7221,146.9847,81.27,65,89,6.46,PG,1696035927
312,yantarnyy,54.8717,19.9381,64.26,79,100,12.06,RU,1696035927
313,khovd,48.0056,91.6419,40.24,58,99,4.76,MN,1696035927
314,san juan,-31.5375,-68.5364,59.86,24,0,7.25,AR,1696035845
315,bima,-8.4667,118.7167,89.19,42,73,3.36,ID,1696035702
316,carutapera,-1.195,-46.02,77.88,82,7,7.36,BR,1696035928
317,zwedru,6.0667,-8.1281,73.45,100,89,3.53,LR,1696035928
318,veraval,20.9,70.3667,80.69,76,71,8.52,IN,1696035928
319,bouna,9.2667,-3.0,73.4,92,100,3.98,CI,1696035928
320,daru,-9.0763,143.2092,78.37,79,94,17.34,PG,1696035928
321,gornopravdinsk,60.05,69.9,29.28,89,6,5.41,RU,1696035928
322,sant lluis,39.8526,4.2594,70.2,100,0,6.91,ES,1696035928
323,nemuro,43.3236,145.575,63.59,72,100,11.83,JP,1696035928
324,lauro de freitas,-12.8944,-38.3272,78.82,78,0,4.61,BR,1696035723
325,bullhead city,35.1478,-114.5683,97.09,15,0,19.57,US,1696035928
326,tamandare,-8.7597,-35.1047,78.28,74,100,9.78,BR,1696035929
327,xining,36.6167,101.7667,52.57,73,100,1.05,CN,1696035929
328,fort drum,44.0584,-75.7619,64.11,87,20,8.05,US,1696035929
329,kalevala,65.2,31.1667,56.19,87,100,8.84,RU,1696035929
330,bria,6.5423,21.9863,70.12,96,100,1.23,CF,1696035929
331,tabou,4.423,-7.3528,76.98,90,34,6.73,CI,1696035929
332,sanandaj,35.3144,46.9923,50.02,46,0,0.0,IR,1696035929
333,matthew town,20.95,-73.6667,84.76,74,2,14.83,BS,1696035929
334,zhangzhou,24.5133,117.6556,85.93,77,0,1.39,CN,1696035929
335,oriximina,-1.7656,-55.8661,83.25,49,43,4.07,BR,1696035929
336,coquimbo,-29.9533,-71.3436,55.13,87,20,8.05,CL,1696035639
337,chopan,24.5167,83.0333,82.0,75,100,1.68,IN,1696035930
338,sisimiut,66.9395,-53.6735,33.87,82,38,6.15,GL,1696035930
339,constantia,44.1833,28.65,65.08,62,64,15.55,RO,1696035918
340,alamosa,37.4695,-105.87,66.18,16,0,13.8,US,1696035930
341,yatou,37.15,122.3833,70.92,64,1,9.13,CN,1696035884
342,sampit,-2.5333,112.95,84.88,54,98,4.92,ID,1696035930
343,vilhena,-12.7406,-60.1458,71.73,94,99,3.94,BR,1696035810
344,kone,-21.0595,164.8658,79.21,42,0,10.07,NC,1696035930
345,sonoita,31.85,-112.8333,85.44,18,2,12.97,MX,1696035930
346,nioki,-2.7167,17.6833,75.4,81,93,2.46,CD,1696035930
347,aoulef,26.9667,1.0833,83.93,27,0,23.4,DZ,1696035931
348,atafu village,-8.5421,-172.5159,83.73,70,64,8.61,TK,1696035931
349,kimhae,35.2342,128.8811,64.35,77,100,10.36,KR,1696035931
350,carauari,-4.8828,-66.8958,78.42,80,8,3.09,BR,1696035920
351,gunjur,13.2019,-16.7339,80.67,94,75,0.0,GM,1696035931
352,thomaston,32.8882,-84.3266,72.91,77,0,0.0,US,1696035709
353,khirkiyan,22.1667,76.85,74.5,83,55,3.44,IN,1696035931
354,kavieng,-2.5744,150.7967,83.53,71,100,2.62,PG,1696035931
355,pudasjarvi,65.3833,26.9167,52.41,97,100,7.05,FI,1696035932
356,hotan,37.0997,79.9269,56.43,42,0,8.46,CN,1696035932
357,armacao de buzios,-22.7469,-41.8817,68.05,78,97,12.77,BR,1696035932
358,nosy varika,-20.5833,48.5333,66.92,88,47,6.29,MG,1696035932
359,cabo san lucas,22.8909,-109.9124,90.61,60,20,11.5,MX,1696035932
360,sept-iles,50.2001,-66.3821,57.2,84,20,3.44,CA,1696035932
361,bel ombre,-4.6167,55.4167,78.64,83,75,14.97,SC,1696035932
362,port alfred,-33.5906,26.891,66.42,61,89,6.82,ZA,1696035932
363,mezhdurechenskiy,59.6,65.9333,32.13,86,14,7.96,RU,1696035932
364,oxelosund,58.6706,17.1015,57.58,88,75,20.71,SE,1696035932
365,tayu,-6.5397,111.0518,84.09,52,64,8.08,ID,1696035932
366,wuxue,29.8506,115.5525,76.51,78,45,6.46,CN,1696035933
367,deqen,29.9618,90.7188,48.29,75,100,4.12,CN,1696035920
368,nizhniy odes,63.6445,54.856,34.2,84,24,4.97,RU,1696035933
369,oban,56.4127,-5.4706,52.38,84,30,4.63,GB,1696035933
370,pacasmayo,-7.4006,-79.5714,66.43,87,79,13.18,PE,1696035933
371,tianpeng,30.9866,103.9393,70.21,86,100,2.82,CN,1696035921
372,celestun,20.8667,-90.4,83.73,75,99,8.79,MX,1696035933
373,pandan,14.0453,124.1694,83.89,79,98,7.25,PH,1696035933
374,itaituba,-4.2761,-55.9836,82.74,46,98,1.72,BR,1696035718
375,labe,11.3182,-12.2833,66.09,91,94,0.45,GN,1696035933
376,svetlyy,54.675,20.1347,64.45,72,100,8.37,RU,1696035934
377,al khums,32.6486,14.2619,73.44,73,0,2.66,LY,1696035934
378,bafq,31.6128,55.4107,66.38,27,0,3.44,IR,1696035934
379,canals,38.9625,-0.5844,67.12,83,3,2.17,ES,1696035934
380,fortuna,40.5982,-124.1573,62.35,96,100,4.61,US,1696035934
381,kayangel,8.0823,134.7173,82.35,82,100,20.51,PW,1696035934
382,weno,7.4515,151.8468,85.95,84,100,11.5,FM,1696035934
383,quepos,9.4236,-84.1652,78.96,90,98,4.92,CR,1696035934
384,dzhangala,49.2167,50.3333,59.2,59,37,7.43,KZ,1696035934
385,petropavlovsk-kamchatsky,53.0452,158.6483,48.79,57,0,2.24,RU,1696035934
386,cruzeiro do sul,-29.5128,-51.9853,67.51,90,2,1.74,BR,1696035827
387,hasaki,35.7333,140.8333,81.0,77,84,14.92,JP,1696035935
388,bornu yassu,12.2774,12.5552,77.09,79,92,5.1,NG,1696035935
389,acarau,-2.8856,-40.12,78.37,78,85,16.46,BR,1696035935
390,selfoss,63.9331,-20.9971,37.04,76,22,6.22,IS,1696035935
391,kerema,-7.9631,145.7785,81.39,77,95,6.4,PG,1696035935
392,tafuna,-14.3358,-170.72,85.95,79,40,8.05,AS,1696035935
393,plastun,44.7561,136.2939,65.48,54,13,4.05,RU,1696035935
394,mandera,3.9366,41.867,78.37,68,6,16.89,KE,1696035742
395,cibla,56.55,27.8833,58.24,64,100,7.4,LV,1696035936
396,ndele,8.4109,20.6473,70.83,96,100,4.5,CF,1696035936
397,senanga,-16.1167,23.2667,69.22,52,6,4.72,ZM,1696035936
398,yeonggwang,35.275,126.5094,60.46,77,98,2.55,KR,1696035936
399,les sables-d'olonne,46.6667,-1.8333,56.19,84,6,3.96,FR,1696035936
400,el sauzal de rodriguez,31.9,-116.6833,65.41,71,8,4.07,MX,1696035936
401,balabac,7.9868,117.0645,82.65,80,96,15.95,PH,1696035936
402,hadibu,12.65,54.0333,79.25,86,98,6.29,YE,1696035936
403,kamaishi,39.2667,141.8833,68.22,71,100,6.2,JP,1696035936
404,taoudenni,22.6783,-3.9836,83.62,20,0,11.27,ML,1696035937
405,malpur,23.35,73.45,78.75,65,27,2.3,IN,1696035937
406,batticaloa,7.7102,81.6924,78.76,79,100,7.38,LK,1696035937
407,balsas,-7.5325,-46.0356,85.39,32,100,3.78,BR,1696035937
408,broome,42.2506,-75.833,63.21,93,61,1.99,US,1696035937
409,garden city,42.3256,-83.331,67.14,85,75,3.44,US,1696035937
410,al ghayzah,16.2079,52.176,77.74,86,54,1.16,YE,1696035937
411,mil'kovo,55.6078,37.7956,56.05,76,77,5.88,RU,1696035937
412,chardara,41.2547,67.9692,60.15,41,5,4.94,KZ,1696035937
413,jiaojiang,28.6803,121.4428,82.99,71,0,2.01,CN,1696035937
414,vadso,70.0744,29.7487,45.48,93,97,9.22,NO,1696035938
415,nar'yan-mar,67.6713,53.087,37.67,79,100,16.84,RU,1696035938
416,magadan,59.5667,150.8,44.37,86,100,4.74,RU,1696035938
417,dupnitsa,42.2667,23.1167,58.8,64,25,2.19,BG,1696035938
418,durango,24.8333,-104.8333,68.25,28,9,9.89,MX,1696035938
419,lihue,21.9789,-159.3672,85.24,76,40,13.8,US,1696035938
420,n'zeto,-7.2312,12.8666,74.14,88,100,10.13,AO,1696035938
421,mount gambier,-37.8333,140.7667,74.88,35,100,11.27,AU,1696035923
422,rajbiraj,26.5333,86.75,79.79,86,100,4.88,NP,1696035938
423,aromashevo,56.8602,68.6375,49.26,90,100,4.14,RU,1696035938
424,virginia,37.5481,-77.4467,67.1,88,100,6.91,US,1696035938
425,sao desiderio,-12.3633,-44.9733,83.73,45,89,3.65,BR,1696035806
426,chom thong,18.4174,98.6743,78.1,99,100,2.1,TH,1696035938
427,ado-odo,6.6,2.9333,75.42,96,73,4.25,NG,1696035939
428,lorengau,-2.0226,147.2712,83.88,73,88,7.16,PG,1696035939
429,joshimath,30.5667,79.5667,62.65,57,0,4.03,IN,1696035939
430,kinmparana,12.8402,-4.9199,81.55,64,46,8.95,ML,1696035939
431,shklow,54.2108,30.2919,54.19,67,13,7.74,BY,1696035939
432,luanda,-8.8368,13.2343,73.4,83,75,5.75,AO,1696035939
433,bandipura,34.4167,74.65,51.96,48,0,4.97,IN,1696035939
434,nakamura,32.9833,132.9333,83.77,61,0,2.51,JP,1696035939
435,pitea,65.3172,21.4794,51.89,95,100,2.44,SE,1696035939
436,salem,11.65,78.1667,73.69,90,100,2.89,IN,1696035939
437,arraial do cabo,-22.9661,-42.0278,67.86,88,75,12.66,BR,1696035711
438,nyrob,60.733,56.7202,45.36,91,100,1.28,RU,1696035940
439,san mariano,7.5,126.0,83.01,73,100,4.79,PH,1696035940
440,vorkuta,67.5,64.0,31.12,79,100,5.91,RU,1696035940
441,rey bouba,8.6724,14.1786,72.72,98,100,3.38,CM,1696035940
442,simanggang,1.2472,111.4528,77.02,94,20,3.44,MY,1696035940
443,sechura,-5.5569,-80.8222,69.26,80,51,14.65,PE,1696035940
444,upington,-28.4478,21.2561,64.09,23,93,10.71,ZA,1696035940
445,gusinoozyorsk,51.2833,106.5,46.22,71,16,4.45,RU,1696035940
446,aldan,58.6031,125.3894,40.41,77,97,3.02,RU,1696035940
447,macapa,0.0389,-51.0664,84.18,70,20,9.22,BR,1696035728
448,banamba,13.55,-7.45,81.07,55,97,5.93,ML,1696035940
449,santanyi,39.3546,3.1291,67.82,76,0,3.06,ES,1696035941
450,champerico,14.3,-91.9167,88.34,87,100,3.38,GT,1696035647
451,angaur state,6.906,134.13,82.69,81,61,17.67,PW,1696035941
452,mazamari,-11.3258,-74.5308,72.45,98,100,1.19,PE,1696035941
453,khandyga,62.6667,135.6,38.66,37,74,4.65,RU,1696035941
454,revda,56.801,59.9303,47.3,98,100,6.44,RU,1696035941
455,zhangye,38.9342,100.4517,59.5,28,0,1.1,CN,1696035941
456,ashburton,-37.8626,145.0794,81.91,24,71,5.01,AU,1696035941
457,kuanda,56.3161,116.0806,46.53,61,18,1.03,RU,1696035941
458,prado,-17.3411,-39.2208,74.12,77,62,11.61,BR,1696035941
459,slobodskoy,58.7322,50.1772,43.77,97,6,0.38,RU,1696035941
460,new norfolk,-42.7826,147.0587,70.72,42,100,10.49,AU,1696035942
461,sandnessjoen,66.0217,12.6316,48.72,81,84,3.87,NO,1696035942
462,gaspe,48.8334,-64.4819,49.91,93,40,2.3,CA,1696035942
463,masterton,-40.9597,175.6575,51.89,91,100,14.63,NZ,1696035942
464,kievka,50.2619,71.5514,52.59,51,100,2.57,KZ,1696035942
465,yarmouth,41.7057,-70.2286,62.96,93,100,11.01,US,1696035942
466,luoyang,34.6836,112.4536,69.71,42,23,3.44,CN,1696035816
467,tierra nueva,21.6833,-100.5667,66.94,63,22,16.91,MX,1696035942
468,beyneu,45.3167,55.2,58.06,50,4,6.29,KZ,1696035942
469,chibougamau,49.9168,-74.3659,53.22,82,0,3.44,CA,1696035942
470,rybnaya sloboda,55.4613,50.1409,45.93,91,3,7.11,RU,1696035942
471,ancud,-41.8697,-73.8203,43.09,84,12,5.03,CL,1696035942
472,chonchi,-42.6128,-73.8092,44.11,94,17,0.54,CL,1696035879
473,salinopolis,-0.6136,-47.3561,80.38,80,14,12.64,BR,1696035943
474,mezhdurechensk,53.6942,88.0603,45.39,97,87,2.04,RU,1696035943
475,mabaruma,8.2,-59.7833,80.04,87,66,4.34,GY,1696035943
476,leisure city,25.4954,-80.4292,82.99,88,20,9.22,US,1696035943
477,zhangjiakou shi xuanhua qu,40.6103,115.0447,56.7,48,4,7.96,CN,1696035943
478,the bottom,17.6259,-63.2492,82.53,80,32,16.58,BQ,1696035943
479,nyurba,63.2842,118.3319,45.37,78,93,7.49,RU,1696035943
480,flying fish cove,-10.4217,105.6791,78.48,83,100,11.5,CX,1696035943
481,paramonga,-10.6667,-77.8333,66.15,89,100,8.1,PE,1696035943
482,amahai,-3.3333,128.9167,80.02,82,97,9.24,ID,1696035900
483,nayoro,44.3506,142.4578,65.35,64,100,7.7,JP,1696035944
484,opuwo,-18.0607,13.84,67.89,43,96,4.09,NA,1696035944
485,happy valley-goose bay,53.3168,-60.3315,52.11,71,40,5.75,CA,1696035944
486,dunedin,-45.8742,170.5036,49.8,57,88,11.99,NZ,1696035944
487,ulsteinvik,62.3432,5.8487,56.75,90,100,11.99,NO,1696035944
488,betio village,1.358,172.9211,89.64,74,100,7.2,KI,1696035944
489,saint-pierre,-21.3393,55.4781,69.57,64,0,8.05,RE,1696035944
490,vrangel',42.7297,133.0839,65.23,73,12,6.08,RU,1696035944
491,san miguel,13.4833,-88.1833,77.52,96,100,3.53,SV,1696035648
492,rock springs,41.5875,-109.2029,70.05,23,0,16.11,US,1696035944
493,hammerfest,70.6634,23.6821,45.05,100,100,4.61,NO,1696035944
494,ketchikan,55.3422,-131.6461,54.07,76,40,8.05,US,1696035945
495,rosetta,31.4044,30.4164,77.27,66,52,5.35,EG,1696035945
496,marlin,31.3063,-96.898,87.15,42,14,9.26,US,1696035945
497,mugia,43.1041,-9.2179,65.16,92,1,6.33,ES,1696035945
498,hobyo,5.3505,48.5268,78.39,88,63,21.34,SO,1696035945
499,malanje,-9.5402,16.341,69.84,84,97,3.96,AO,1696035945
500,isangel,-19.55,169.2667,74.44,64,39,15.59,VU,1696035945
501,torghay,49.6339,63.4981,56.53,48,100,6.58,KZ,1696035945
502,mindif,10.3976,14.4363,76.89,81,74,3.09,CM,1696035945
503,saurimo,-9.6608,20.3916,67.41,74,23,2.46,AO,1696035945
504,poronaysk,49.2167,143.1167,58.64,60,89,2.8,RU,1696035945
505,el haouaria,37.05,11.0144,69.82,75,0,11.41,TN,1696035946
506,seybaplaya,19.65,-90.6667,83.66,75,72,8.57,MX,1696035946
507,saint-francois,46.4154,3.9054,60.24,94,100,0.0,FR,1696035946
508,ampanihy,-24.7,44.75,66.81,80,44,3.71,MG,1696035946
509,ostroda,53.6967,19.9649,67.1,62,100,7.07,PL,1696035946
510,ljungby,56.8332,13.9408,54.61,83,95,13.42,SE,1696035946
511,labytnangi,66.6572,66.4183,30.4,79,100,5.97,RU,1696035946
512,manta,-0.95,-80.7333,74.98,73,75,11.5,EC,1696035677
513,yel'nya,54.5786,33.1837,52.03,75,69,6.55,RU,1696035946
514,kansanshi,-12.0951,26.4273,68.27,53,100,3.8,ZM,1696035946
515,fort knox,37.8911,-85.9636,73.09,80,0,5.75,US,1696035946
516,balykshi,47.0667,51.8667,48.2,76,0,4.47,KZ,1696035946
517,gora,51.6664,16.5349,68.09,73,100,9.44,PL,1696035947
518,bikenibeu village,1.3673,173.1241,89.56,66,75,6.91,KI,1696035947
519,grande prairie,55.1667,-118.8027,48.38,76,100,0.0,CA,1696035947
520,kidal,18.4411,1.4078,87.53,30,3,9.95,ML,1696035947
521,colares,38.7992,-9.4469,77.99,64,3,3.0,PT,1696035947
522,tangalle,6.024,80.7911,75.36,89,98,7.49,LK,1696035947
523,shimoda,34.6667,138.95,77.36,69,35,5.19,JP,1696035947
524,tobruk,32.0836,23.9764,74.32,75,0,9.84,LY,1696035947
525,trairi,-3.2778,-39.2689,77.79,78,99,11.3,BR,1696035768
526,malmberget,67.1753,20.6549,45.16,93,100,4.61,SE,1696035947
527,monte carmelo,-18.7247,-47.4986,69.69,82,34,5.08,BR,1696035947
528,port shepstone,-30.7414,30.455,70.61,60,100,6.69,ZA,1696035948
529,maumere,-8.6199,122.2111,81.82,60,17,1.54,ID,1696035948
530,koupela,12.1794,-0.3517,78.26,73,88,6.4,BF,1696035948
531,huazhou,21.6333,110.5833,82.11,80,0,4.12,CN,1696035859
532,brewton,31.1052,-87.0722,80.92,71,100,4.32,US,1696035948
533,itaueira,-7.6033,-43.0256,84.58,31,95,4.16,BR,1696035948
534,vizinga,61.0749,50.1031,46.27,95,100,4.0,RU,1696035948
535,yen bai,21.7,104.8667,76.71,91,99,1.05,VN,1696035948
536,fort st. john,56.2499,-120.8529,48.09,87,100,3.44,CA,1696035948
537,mejit,10.2753,170.8646,82.0,80,100,12.77,MH,1696035948
538,axim,4.8699,-2.2405,76.44,92,100,4.79,GH,1696035948
539,jayapura,-2.5333,140.7,87.19,61,25,4.23,ID,1696035949
540,kirs,59.3388,52.2447,44.15,95,32,1.52,RU,1696035949
541,quibala,-10.7337,14.98,67.39,88,97,3.91,AO,1696035949
542,traiguen,-38.25,-72.6833,48.61,84,0,3.38,CL,1696035797
543,kangding,30.0513,101.9603,61.72,79,30,0.6,CN,1696035949
544,hailun,47.45,126.9333,52.09,67,99,7.47,CN,1696035855
545,sirte,31.2089,16.5887,74.01,71,0,4.97,LY,1696035949
546,semey,50.4111,80.2275,49.42,84,100,5.73,KZ,1696035949
547,rupert,42.6191,-113.6772,64.35,45,0,9.22,US,1696035949
548,tellicherry,11.75,75.5333,75.79,90,100,6.31,IN,1696035949
549,hyesan,41.4017,128.1778,61.18,50,0,5.64,KP,1696035949
550,katsuura,35.1333,140.3,79.92,74,47,2.3,JP,1696035949
551,kasongo-lunda,-6.4667,16.8167,72.54,90,30,2.06,CD,1696035950
552,alesund,62.4723,6.1549,56.75,88,100,8.05,NO,1696035913
553,itoman,26.1247,127.6694,84.58,84,40,10.36,JP,1696035950
554,el calafate,-50.3408,-72.2768,43.52,61,100,2.91,AR,1696035950
555,elliot,-31.3333,27.85,57.4,31,100,9.01,ZA,1696035950
556,colonia,50.9333,6.95,56.97,90,0,1.14,DE,1696035874
557,el rama,12.1596,-84.2195,77.07,95,93,3.76,NI,1696035950
558,kostyantynivka,48.5277,37.7069,58.05,37,0,5.59,UA,1696035950
559,berdigestyakh,62.0989,126.6992,36.05,51,100,4.38,RU,1696035950
560,san julian,21.0167,-102.1667,73.26,26,99,3.51,MX,1696035950
561,nola,40.922,14.5329,71.64,91,0,3.29,IT,1696035950
562,dalcahue,-42.3628,-73.7022,43.2,87,28,2.3,CL,1696035950
563,mauganj,24.6833,81.8833,78.67,76,95,2.95,IN,1696035951
564,tingi,-11.3,35.0333,62.67,78,92,4.88,TZ,1696035951
565,tazacorte,28.629,-17.9293,72.57,78,0,5.99,ES,1696035951
566,ebaye,8.7748,167.7392,86.02,74,0,5.75,MH,1696035951
567,khabarovsk,48.4808,135.0928,55.2,71,0,7.0,RU,1696035689
568,port douglas,-16.4833,145.4667,75.7,65,72,15.19,AU,1696035951
569,port saint john's,-31.6229,29.5448,71.38,55,47,5.79,ZA,1696035951
570,mahdia,35.5047,11.0622,75.15,73,0,9.91,TN,1696035951
571,saudarkrokur,65.7461,-19.6394,39.07,84,95,1.74,IS,1696035841
572,sheopur,25.6667,76.7,74.37,59,2,3.36,IN,1696035951
573,gebeit,21.0667,36.3167,83.28,30,3,3.69,SD,1696035951
574,lethem,3.3803,-59.7968,87.75,46,78,5.79,GY,1696035952
575,hami,42.8,93.45,63.63,22,100,6.64,CN,1696035952
576,pokhara,28.2333,83.9833,70.21,61,7,6.93,NP,1696035952
577,duba,27.3513,35.6901,91.04,28,0,14.47,SA,1696035952
578,walvis bay,-22.9575,14.5053,54.09,93,0,3.44,NA,1696035952
579,dammam,26.4344,50.1033,80.71,94,0,2.3,SA,1696035952
580,xilin hot,43.9667,116.0333,49.55,52,58,6.29,CN,1696035952
581,darovskoy,58.77,47.9564,49.01,85,100,3.2,RU,1696035952
582,fortaleza,-3.7227,-38.5247,80.22,78,0,12.66,BR,1696035902
583,sparti,37.0733,22.4297,64.94,74,8,3.24,GR,1696035952
584,south tamworth,43.8248,-71.3031,57.07,84,100,2.68,US,1696035953
585,istgah-e rah ahan-e garmsar,35.2346,52.3094,67.59,28,0,6.42,IR,1696035953
586,bozhou,33.8772,115.7703,70.65,79,97,5.53,CN,1696035953
587,ayang-ni,38.2431,125.78,70.05,70,2,7.02,KP,1696035953
588,popondetta,-8.7537,148.2534,88.88,49,99,6.04,PG,1696035953
589,ceeldheer,3.8488,47.1806,77.7,87,28,15.7,SO,1696035953
590,kruisfontein,-34.0033,24.7314,55.89,82,88,12.35,ZA,1696035953
591,sambava,-14.2667,50.1667,69.93,88,18,7.65,MG,1696035953
